<?xml version="1.0"?>
<!--<!DOCTYPE metadata SYSTEM "http://www.esri.com/metadata/esriprof80.dtd">-->
<metadata xml:lang="cs"><Esri><CreaDate>20211220</CreaDate><CreaTime>14223700</CreaTime><SyncOnce>FALSE</SyncOnce><SyncDate>20031113</SyncDate><SyncTime>11481500</SyncTime><ModDate>20031113</ModDate><ModTime>11481500</ModTime><ArcGISFormat>1.0</ArcGISFormat></Esri><idinfo><native Sync="TRUE">Microsoft Windows 2000 Version 5.1 (Build 2600) Service Pack 1; ESRI ArcCatalog 8.3.0.800</native><descript><langdata Sync="TRUE">cs</langdata><abstract>REQUIRED: A brief narrative summary of the data set.</abstract><purpose>REQUIRED: A summary of the intentions with which the data set was developed.</purpose></descript><citation><citeinfo><origin>REQUIRED: The name of an organization or individual that developed the data set.</origin><pubdate>REQUIRED: The date when the data set is published or otherwise made available for release.</pubdate><title Sync="TRUE">obce_b</title><ftname Sync="TRUE">obce_b</ftname><geoform Sync="TRUE">vector digital data</geoform><onlink Sync="TRUE">\\PCMNEVERIL\ArcČR\v20cz\CD1\Jtsk\Shapes\obce_b.shp</onlink></citeinfo></citation><timeperd><current>REQUIRED: The basis on which the time period of content information is determined.</current><timeinfo><sngdate><caldate>REQUIRED: The year (and optionally month, or month and day) for which the data set corresponds to the ground.</caldate></sngdate></timeinfo></timeperd><status><progress>REQUIRED: The state of the data set.</progress><update>REQUIRED: The frequency with which changes and additions are made to the data set after the initial data set is completed.</update></status><spdom><bounding><westbc Sync="TRUE">12.019803</westbc><eastbc Sync="TRUE">18.915559</eastbc><northbc Sync="TRUE">51.317067</northbc><southbc Sync="TRUE">48.345168</southbc></bounding><lboundng><leftbc Sync="TRUE">-899467.000000</leftbc><rightbc Sync="TRUE">-433875.000000</rightbc><bottombc Sync="TRUE">-1215565.000000</bottombc><topbc Sync="TRUE">-939280.000000</topbc></lboundng></spdom><keywords><theme><themekt>REQUIRED: Reference to a formally registered thesaurus or a similar authoritative source of theme keywords.</themekt><themekey>REQUIRED: Common-use word or phrase used to describe the subject of the data set.</themekey></theme></keywords><accconst>REQUIRED: Restrictions and legal prerequisites for accessing the data set.</accconst><useconst>REQUIRED: Restrictions and legal prerequisites for using the data set after access is granted.</useconst><natvform Sync="TRUE">Shapefile</natvform></idinfo><dataIdInfo><envirDesc Sync="TRUE">Microsoft Windows 2000 Version 5.1 (Build 2600) Service Pack 1; ESRI ArcCatalog 8.3.0.800</envirDesc><dataLang><languageCode Sync="TRUE" value="cs"></languageCode></dataLang><idCitation><resTitle Sync="TRUE">obce_b</resTitle><presForm><PresFormCd Sync="TRUE" value="005"></PresFormCd></presForm></idCitation><spatRpType><SpatRepTypCd Sync="TRUE" value="001"></SpatRepTypCd></spatRpType><dataExt><geoEle><GeoBndBox esriExtentType="native"><westBL Sync="TRUE">-899467</westBL><eastBL Sync="TRUE">-433875</eastBL><northBL Sync="TRUE">-939280</northBL><southBL Sync="TRUE">-1215565</southBL><exTypeCode Sync="TRUE">1</exTypeCode></GeoBndBox></geoEle></dataExt><geoBox esriExtentType="decdegrees"><westBL Sync="TRUE">12.019803</westBL><eastBL Sync="TRUE">18.915559</eastBL><northBL Sync="TRUE">51.317067</northBL><southBL Sync="TRUE">48.345168</southBL><exTypeCode Sync="TRUE">1</exTypeCode></geoBox></dataIdInfo><metainfo><langmeta Sync="TRUE">cs</langmeta><metstdn Sync="TRUE">FGDC Content Standards for Digital Geospatial Metadata</metstdn><metstdv Sync="TRUE">FGDC-STD-001-1998</metstdv><mettc Sync="TRUE">local time</mettc><metextns><onlink Sync="TRUE">http://www.esri.com/metadata/esriprof80.html</onlink><metprof Sync="TRUE">ESRI Metadata Profile</metprof></metextns><metc><cntinfo><cntorgp><cntper>REQUIRED: The person responsible for the metadata information.</cntper><cntorg>REQUIRED: The organization responsible for the metadata information.</cntorg></cntorgp><cntaddr><addrtype>REQUIRED: The mailing and/or physical address for the organization or individual.</addrtype><city>REQUIRED: The city of the address.</city><state>REQUIRED: The state or province of the address.</state><postal>REQUIRED: The ZIP or other postal code of the address.</postal></cntaddr><cntvoice>REQUIRED: The telephone number by which individuals can speak to the organization or individual.</cntvoice></cntinfo></metc><metd Sync="TRUE">20031113</metd></metainfo><mdLang><languageCode Sync="TRUE" value="cs"></languageCode></mdLang><mdStanName Sync="TRUE">ISO 19115 Geographic Information - Metadata</mdStanName><mdStanVer Sync="TRUE">DIS_ESRI1.0</mdStanVer><mdChar><CharSetCd Sync="TRUE" value="004"></CharSetCd></mdChar><mdHrLv><ScopeCd Sync="TRUE" value="005"></ScopeCd></mdHrLv><mdHrLvName Sync="TRUE">dataset</mdHrLvName><distinfo><resdesc Sync="TRUE">Downloadable Data</resdesc><stdorder><digform><digtinfo><transize Sync="TRUE">2,222</transize><dssize Sync="TRUE">2,222</dssize></digtinfo></digform></stdorder></distinfo><distInfo><distributor><distorTran><onLineSrc><orDesc Sync="TRUE">002</orDesc><linkage Sync="TRUE">file://\\PCMNEVERIL\ArcČR\v20cz\CD1\Jtsk\Shapes\obce_b.shp</linkage><protocol Sync="TRUE">Local Area Network</protocol></onLineSrc><transSize Sync="TRUE">2,222</transSize></distorTran><distorFormat><formatName Sync="TRUE">Shapefile</formatName></distorFormat></distributor></distInfo><spdoinfo><direct Sync="TRUE">Vector</direct><ptvctinf><esriterm Name="obce_b"><efeatyp Sync="TRUE">Simple</efeatyp><efeageom Sync="TRUE">Point</efeageom><esritopo Sync="TRUE">FALSE</esritopo><efeacnt Sync="TRUE">6249</efeacnt><spindex Sync="TRUE">TRUE</spindex><linrefer Sync="TRUE">FALSE</linrefer></esriterm><sdtsterm Name="obce_b"><sdtstype Sync="TRUE">Entity point</sdtstype><ptvctcnt Sync="TRUE">6249</ptvctcnt></sdtsterm></ptvctinf></spdoinfo><spref><horizsys><cordsysn><geogcsn Sync="TRUE">GCS_S_JTSK</geogcsn><projcsn Sync="TRUE">S-JTSK_Krovak_East_North</projcsn></cordsysn><planar><mapproj><mapprojn Sync="TRUE">Krovak</mapprojn><mapprojp><stdparll Sync="TRUE">0.000000</stdparll><longcm Sync="TRUE">24.833333</longcm><latprjo Sync="TRUE">49.500000</latprjo><feast Sync="TRUE">0.000000</feast><fnorth Sync="TRUE">0.000000</fnorth></mapprojp></mapproj><planci><plance Sync="TRUE">coordinate pair</plance><plandu Sync="TRUE">meters</plandu><coordrep><absres Sync="TRUE">0.001024</absres><ordres Sync="TRUE">0.001024</ordres></coordrep></planci></planar><geodetic><horizdn Sync="TRUE">D_S_JTSK</horizdn><ellips Sync="TRUE">Bessel_1841</ellips><semiaxis Sync="TRUE">6377397.155000</semiaxis><denflat Sync="TRUE">299.152813</denflat></geodetic></horizsys></spref><refSysInfo><RefSystem><refSysID><identCode Sync="TRUE">S-JTSK_Krovak_East_North</identCode></refSysID></RefSystem></refSysInfo><spatRepInfo><VectSpatRep><topLvl><TopoLevCd Sync="TRUE" value="001"></TopoLevCd></topLvl><geometObjs Name="obce_b"><geoObjTyp><GeoObjTypCd Sync="TRUE" value="004"></GeoObjTypCd></geoObjTyp><geoObjCnt Sync="TRUE">6249</geoObjCnt></geometObjs></VectSpatRep></spatRepInfo><eainfo><detailed Name="obce_b"><enttyp><enttypl Sync="TRUE">obce_b</enttypl><enttypt Sync="TRUE">Feature Class</enttypt><enttypc Sync="TRUE">6249</enttypc></enttyp><attr><attrlabl Sync="TRUE">FID</attrlabl><attalias Sync="TRUE">FID</attalias><attrtype Sync="TRUE">OID</attrtype><attwidth Sync="TRUE">4</attwidth><atprecis Sync="TRUE">0</atprecis><attscale Sync="TRUE">0</attscale><attrdef Sync="TRUE">Internal feature number.</attrdef><attrdefs Sync="TRUE">ESRI</attrdefs><attrdomv><udom Sync="TRUE">Sequential unique whole numbers that are automatically generated.</udom></attrdomv></attr><attr><attrlabl Sync="TRUE">Shape</attrlabl><attalias Sync="TRUE">Shape</attalias><attrtype Sync="TRUE">Geometry</attrtype><attwidth Sync="TRUE">0</attwidth><atprecis Sync="TRUE">0</atprecis><attscale Sync="TRUE">0</attscale><attrdef Sync="TRUE">Feature geometry.</attrdef><attrdefs Sync="TRUE">ESRI</attrdefs><attrdomv><udom Sync="TRUE">Coordinates defining the features.</udom></attrdomv></attr><attr><attrlabl Sync="TRUE">NK</attrlabl><attalias Sync="TRUE">NK</attalias><attrtype Sync="TRUE">String</attrtype><attwidth Sync="TRUE">2</attwidth></attr><attr><attrlabl Sync="TRUE">KN</attrlabl><attalias Sync="TRUE">KN</attalias><attrtype Sync="TRUE">String</attrtype><attwidth Sync="TRUE">2</attwidth></attr><attr><attrlabl Sync="TRUE">KNOK</attrlabl><attalias Sync="TRUE">KNOK</attalias><attrtype Sync="TRUE">String</attrtype><attwidth Sync="TRUE">4</attwidth></attr><attr><attrlabl Sync="TRUE">KODNUTS</attrlabl><attalias Sync="TRUE">KODNUTS</attalias><attrtype Sync="TRUE">String</attrtype><attwidth Sync="TRUE">6</attwidth></attr><attr><attrlabl Sync="TRUE">KODOK</attrlabl><attalias Sync="TRUE">KODOK</attalias><attrtype Sync="TRUE">String</attrtype><attwidth Sync="TRUE">4</attwidth></attr><attr><attrlabl Sync="TRUE">POROB</attrlabl><attalias Sync="TRUE">POROB</attalias><attrtype Sync="TRUE">String</attrtype><attwidth Sync="TRUE">4</attwidth></attr><attr><attrlabl Sync="TRUE">KODOB</attrlabl><attalias Sync="TRUE">KODOB</attalias><attrtype Sync="TRUE">String</attrtype><attwidth Sync="TRUE">5</attwidth></attr><attr><attrlabl Sync="TRUE">KO</attrlabl><attalias Sync="TRUE">KO</attalias><attrtype Sync="TRUE">String</attrtype><attwidth Sync="TRUE">1</attwidth></attr><attr><attrlabl Sync="TRUE">ICOB</attrlabl><attalias Sync="TRUE">ICOB</attalias><attrtype Sync="TRUE">String</attrtype><attwidth Sync="TRUE">6</attwidth></attr><attr><attrlabl Sync="TRUE">ICZUJ</attrlabl><attalias Sync="TRUE">ICZUJ</attalias><attrtype Sync="TRUE">String</attrtype><attwidth Sync="TRUE">6</attwidth></attr><attr><attrlabl Sync="TRUE">NAZOB</attrlabl><attalias Sync="TRUE">NAZOB</attalias><attrtype Sync="TRUE">String</attrtype><attwidth Sync="TRUE">40</attwidth></attr><attr><attrlabl Sync="TRUE">OM</attrlabl><attalias Sync="TRUE">OM</attalias><attrtype Sync="TRUE">String</attrtype><attwidth Sync="TRUE">1</attwidth></attr><attr><attrlabl Sync="TRUE">UR</attrlabl><attalias Sync="TRUE">UR</attalias><attrtype Sync="TRUE">String</attrtype><attwidth Sync="TRUE">1</attwidth></attr><attr><attrlabl Sync="TRUE">SM</attrlabl><attalias Sync="TRUE">SM</attalias><attrtype Sync="TRUE">String</attrtype><attwidth Sync="TRUE">2</attwidth></attr><attr><attrlabl Sync="TRUE">PSC</attrlabl><attalias Sync="TRUE">PSC</attalias><attrtype Sync="TRUE">String</attrtype><attwidth Sync="TRUE">5</attwidth></attr><attr><attrlabl Sync="TRUE">VYMERA</attrlabl><attalias Sync="TRUE">VYMERA</attalias><attrtype Sync="TRUE">Number</attrtype><attwidth Sync="TRUE">12</attwidth><atnumdec Sync="TRUE">2</atnumdec></attr><attr><attrlabl Sync="TRUE">OB91</attrlabl><attalias Sync="TRUE">OB91</attalias><attrtype Sync="TRUE">Number</attrtype><attwidth Sync="TRUE">8</attwidth></attr><attr><attrlabl Sync="TRUE">KODST</attrlabl><attalias Sync="TRUE">KODST</attalias><attrtype Sync="TRUE">String</attrtype><attwidth Sync="TRUE">5</attwidth></attr><attr><attrlabl Sync="TRUE">KODFI</attrlabl><attalias Sync="TRUE">KODFI</attalias><attrtype Sync="TRUE">String</attrtype><attwidth Sync="TRUE">5</attwidth></attr><attr><attrlabl Sync="TRUE">CFU</attrlabl><attalias Sync="TRUE">CFU</attalias><attrtype Sync="TRUE">String</attrtype><attwidth Sync="TRUE">3</attwidth></attr><attr><attrlabl Sync="TRUE">KODMA</attrlabl><attalias Sync="TRUE">KODMA</attalias><attrtype Sync="TRUE">String</attrtype><attwidth Sync="TRUE">5</attwidth></attr><attr><attrlabl Sync="TRUE">PROBL</attrlabl><attalias Sync="TRUE">PROBL</attalias><attrtype Sync="TRUE">String</attrtype><attwidth Sync="TRUE">1</attwidth></attr><attr><attrlabl Sync="TRUE">SYOB</attrlabl><attalias Sync="TRUE">SYOB</attalias><attrtype Sync="TRUE">Number</attrtype><attwidth Sync="TRUE">6</attwidth></attr><attr><attrlabl Sync="TRUE">SXOB</attrlabl><attalias Sync="TRUE">SXOB</attalias><attrtype Sync="TRUE">Number</attrtype><attwidth Sync="TRUE">7</attwidth></attr><attr><attrlabl Sync="TRUE">MAPA</attrlabl><attalias Sync="TRUE">MAPA</attalias><attrtype Sync="TRUE">String</attrtype><attwidth Sync="TRUE">8</attwidth></attr><attr><attrlabl Sync="TRUE">ZMENAZAZ</attrlabl><attalias Sync="TRUE">ZMENAZAZ</attalias><attrtype Sync="TRUE">String</attrtype><attwidth Sync="TRUE">8</attwidth></attr><attr><attrlabl Sync="TRUE">ZMENAPOL</attrlabl><attalias Sync="TRUE">ZMENAPOL</attalias><attrtype Sync="TRUE">String</attrtype><attwidth Sync="TRUE">20</attwidth></attr><attr><attrlabl Sync="TRUE">CISPOU</attrlabl><attalias Sync="TRUE">CISPOU</attalias><attrtype Sync="TRUE">String</attrtype><attwidth Sync="TRUE">5</attwidth></attr><attr><attrlabl Sync="TRUE">OKPO</attrlabl><attalias Sync="TRUE">OKPO</attalias><attrtype Sync="TRUE">String</attrtype><attwidth Sync="TRUE">4</attwidth></attr><attr><attrlabl Sync="TRUE">KODPO</attrlabl><attalias Sync="TRUE">KODPO</attalias><attrtype Sync="TRUE">String</attrtype><attwidth Sync="TRUE">5</attwidth></attr><attr><attrlabl Sync="TRUE">NAZPO</attrlabl><attalias Sync="TRUE">NAZPO</attalias><attrtype Sync="TRUE">String</attrtype><attwidth Sync="TRUE">40</attwidth></attr><attr><attrlabl Sync="TRUE">CISORP</attrlabl><attalias Sync="TRUE">CISORP</attalias><attrtype Sync="TRUE">String</attrtype><attwidth Sync="TRUE">4</attwidth></attr><attr><attrlabl Sync="TRUE">OKORP</attrlabl><attalias Sync="TRUE">OKORP</attalias><attrtype Sync="TRUE">String</attrtype><attwidth Sync="TRUE">4</attwidth></attr><attr><attrlabl Sync="TRUE">KODORP</attrlabl><attalias Sync="TRUE">KODORP</attalias><attrtype Sync="TRUE">String</attrtype><attwidth Sync="TRUE">5</attwidth></attr><attr><attrlabl Sync="TRUE">NAZORP</attrlabl><attalias Sync="TRUE">NAZORP</attalias><attrtype Sync="TRUE">String</attrtype><attwidth Sync="TRUE">40</attwidth></attr><attr><attrlabl Sync="TRUE">SYOB1</attrlabl><attalias Sync="TRUE">SYOB1</attalias><attrtype Sync="TRUE">Number</attrtype><attwidth Sync="TRUE">19</attwidth><atnumdec Sync="TRUE">11</atnumdec></attr><attr><attrlabl Sync="TRUE">SXOB1</attrlabl><attalias Sync="TRUE">SXOB1</attalias><attrtype Sync="TRUE">Number</attrtype><attwidth Sync="TRUE">19</attwidth><atnumdec Sync="TRUE">11</atnumdec></attr></detailed></eainfo><mdDateSt Sync="TRUE">20031113</mdDateSt></metadata>
